id,customer_first_name,customer_last_name,gender_cd,customer_address,customer_email_address,customer_phone_number
1,Abigail,Hernandez,2,82-5 Una Vallis,abigail.h@example.com,XXX-974-5439
2,Alexander,Anderson,1,287-3 Durius Valles,alexander.a@example.com,XXX-400-5392
3,Amanda,Johnson,2,282-4 Utopia Planitia,amanda.j@example.com,XXX-272-1262
4,Amelia,Jones,2,166-2 Tinto Vallis,amelia.j@example.com,XXX-012-1324
5,Aria,Brown,2,152-5 Centauri Montes,aria.b@example.com,XXX-726-9363
6,Ashley,Martin,2,299-8 Bosporos Planum,ashley.m@example.com,XXX-831-6906
7,Aurora,Davis,2,103-3 Axius Valles,aurora.d@example.com,XXX-408-5878
8,Ava,Martinez,2,82-12 Amazonis Planitia,ava.m@example.com,XXX-004-9396
9,Avery,Miller,2,27-5 Ascuris Planum,avery.m@example.com,XXX-931-5474
10,Benjamin,Garcia,1,66-14 Elysium Planitia,benjamin.g@example.com,XXX-973-2509
11,Camila,Moore,2,228-2 Coronae Planum,camila.m@example.com,XXX-940-8850
12,Charles,Hernandez,1,81-15 Chalce Montes,charles.h@example.com,XXX-061-2330
13,Charlotte,Rodriguez,2,180-17 Grjota Valles,charlotte.r@example.com,XXX-231-3945
14,Chloe,Johnson,2,49-12 Isidis Planitia,chloe.j@example.com,XXX-836-3865
15,Daniel,Jones,1,250-11 Padus Vallis,daniel.j@example.com,XXX-445-4642
16,David,Martin,1,189-9 Locras Valles,david.m@example.com,XXX-943-8793
17,Dorothy,Smith,2,65-13 Termes Vallis,dorothy.s@example.com,XXX-765-1408
18,Eleanor,Taylor,2,45-2 Verde Vallis,eleanor.t@example.com,XXX-218-4796
19,Elijah,Martinez,1,99-4 Hibes Montes,elijah.m@example.com,XXX-655-5712
20,Elizabeth,Thompson,2,232-9 Moa Valles,elizabeth.t@example.com,XXX-624-3348
21,Ella,White,2,80 Argentea Planum,ella.w@example.com,XXX-946-0791
22,Ellie,Miller,2,34-5 Runa Vallis,ellie.m@example.com,XXX-510-3581
23,Emma,Wilson,2,238-10 Chryse Planitia,emma.w@example.com,XXX-043-5557
24,Ethan,Moore,1,93-11 Granicus Valles,ethan.m@example.com,XXX-060-4077
25,Evelyn,Anderson,2,173-11 Hibes Montes,evelyn.a@example.com,XXX-236-4207
26,George,Rodriguez,1,151-16 Argyre Planitia,george.r@example.com,XXX-319-3969
27,Gianna,Brown,2,282-9 Frento Vallis,gianna.b@example.com,XXX-869-2508
28,Harper,Davis,1,249-7 Louros Valles,harper.d@example.com,XXX-941-9649
29,Harry,Garcia,1,236-5 Euripus Mons,harry.g@example.com,XXX-667-3862
30,Henry,Smith,1,204-18 Asopus Vallis,henry.s@example.com,XXX-313-2708
31,Isabella,Hernandez,2,176-6 Ascraeus Mons,isabella.h@example.com,XXX-356-7828
32,Jack,Taylor,1,100-12 Stura Vallis,jack.t@example.com,XXX-738-3754
33,Jackson,Thompson,1,70-11 Gonnus Mons,jackson.t@example.com,XXX-803-6422
34,Jacob,Johnson,1,43-17 Syria Mons,jacob.j@example.com,XXX-189-0415
35,James,White,1,83-18 Nepenthes Planum,james.w@example.com,XXX-797-9810
36,Jennifer,Jones,2,107-17 Labou Vallis,jennifer.j@example.com,XXX-916-5657
37,Jessica,Martin,2,223-2 Vedra Valles,jessica.m@example.com,XXX-104-5481
38,John,Smith,1,10-18 Geryon Montes,john.s@example.com,XXX-741-9881
39,John,Wilson,1,297-14 Eridania Planitia,john.w@example.com,XXX-789-8825
40,Joseph,Martinez,1,173-16 Mawrth Vallis,joseph.m@example.com,XXX-435-0920
41,Layla,Anderson,2,271-19 Matrona Vallis,layla.a@example.com,XXX-551-5120
42,Levi,Brown,2,293-8 Charitum Montes,levi.b@example.com,XXX-668-3943
43,Liam,Davis,1,135-1 Hermus Vallis,liam.d@example.com,XXX-526-3448
44,Lily,Garcia,2,185-11 Tisia Valles,lily.g@example.com,XXX-724-8856
45,Lucas,Hernandez,1,252-9 Al-Qahira Vallis,lucas.h@example.com,XXX-904-1818
46,Luna,Miller,2,294-17 Elaver Vallis,luna.m@example.com,XXX-044-9533
47,Madison,Johnson,1,143 Argyre Mons,madison.j@example.com,XXX-761-2628
48,Margaret,Moore,2,187-5 Hadriacus Mons,margaret.m@example.com,XXX-436-6463
49,Mary,Rodriguez,2,29-5 Mamers Valles,mary.r@example.com,XXX-467-6161
50,Mason,Jones,1,225-1 Maumee Valles,mason.j@example.com,XXX-837-9065
51,Mateo,Martin,1,226-14 Amazonis Planitia,mateo.m@example.com,XXX-779-8138
52,Mia,Smith,2,191-9 Ravi Vallis,mia.s@example.com,XXX-381-2595
53,Michael,Martinez,1,25-7 Melas Chasma,michael.m@example.com,XXX-517-2065
54,Mila,Miller,2,96-7 Dittaino Valles,mila.m@example.com,XXX-323-5217
55,Noah,Moore,1,283-18 Huo Hsing,noah.m@example.com,XXX-803-6548
56,Oliver,Rodriguez,1,35-3 Amenthes Planum,oliver.r@example.com,XXX-195-1135
57,Olivia,Taylor,2,170-9 Hadriacus Mons,olivia.t@example.com,XXX-318-8536
58,Penelope,Smith,2,296-19 Peraea Mons,penelope.s@example.com,XXX-926-3165
59,Peter,Taylor,1,144-11 Oltis Valles,peter.t@example.com,XXX-778-9761
60,Richard,Thompson,1,187-2 Ascuris Planum,richard.t@example.com,XXX-882-6751
61,Robert,Thompson,1,67-1 Ravi Vallis,robert.t@example.com,XXX-672-1523
62,Sarah,White,2,242-3 Geryon Montes,sarah.w@example.com,XXX-800-7705
63,Scarlett,Wilson,2,190-19 Tharsis Montes,scarlett.w@example.com,XXX-174-5337
64,Sebastian,White,1,32-19 Uzboi Vallis,sebastian.w@example.com,XXX-193-6542
65,Sofia,Wilson,2,203-3 Her Desher,sofia.w@example.com,XXX-311-2539
66,Sophia,Anderson,2,13-5 Eos Chasma,sophia.a@example.com,XXX-726-6132
67,Susan,Brown,2,143-7 Harmakhis Vallis,susan.b@example.com,XXX-565-6562
68,Theodore,Anderson,1,17-13 Clanis Valles,theodore.a@example.com,XXX-131-9087
69,Thomas,Brown,1,103-12 Ganges Chasma,thomas.b@example.com,XXX-308-9216
70,Victoria,Davis,2,244-12 Charitum Montes,victoria.d@example.com,XXX-254-3188
71,William,Garcia,1,56-12 Hypsas Vallis,william.g@example.com,XXX-416-6645
